<?xml version="1.0" encoding="UTF-8"?>
<project-private xmlns="http://www.netbeans.org/ns/project-private/1">
    <editor-bookmarks xmlns="http://www.netbeans.org/ns/editor-bookmarks/2" lastBookmarkId="0"/>
    <open-files xmlns="http://www.netbeans.org/ns/projectui-open-files/2">
        <group>
            <file>file:/C:/Users/lab_services_student/Documents/NetBeansProjects/LoginFour/src/loginfour/LoginFour.java</file>
            <file>file:/C:/Users/lab_services_student/Documents/NetBeansProjects/LoginFour/test/loginfour/TaskTest.java</file>
            <file>file:/C:/Users/lab_services_student/Documents/NetBeansProjects/LoginFour/test/loginfour/TasksFeaturesTest.java</file>
            <file>file:/C:/Users/lab_services_student/Documents/NetBeansProjects/LoginFour/src/loginfour/tasks.java</file>
            <file>file:/C:/Users/lab_services_student/Documents/NetBeansProjects/LoginFour/test/LoginFourTest.java</file>
            <file>file:/C:/Users/lab_services_student/Documents/NetBeansProjects/LoginFour/src/loginfour/TasksFeatures.java</file>
        </group>
    </open-files>
</project-private>
